Name;Path
Mon Entreprise;DC=julie,DC=lcl
Agence;OU=Mon Entreprise,DC=julie,DC=lcl
Nantes;OU=Agence,OU=Mon Entreprise,DC=julie,DC=lcl
Ordinateurs;OU=Nantes,OU=Agence,OU=Mon Entreprise,DC=julie,DC=lcl
Serveur Membre;OU=Ordinateurs,OU=Nantes,OU=Agence,OU=Mon Entreprise,DC=julie,DC=lcl
Poste Client;OU=Ordinateurs,OU=Nantes,OU=Agence,OU=Mon Entreprise,DC=julie,DC=lcl
Production;OU=Poste Client,OU=Ordinateurs,OU=Nantes,OU=Agence,OU=Mon Entreprise,DC=julie,DC=lcl
Informatique;OU=Poste Client,OU=Ordinateurs,OU=Nantes,OU=Agence,OU=Mon Entreprise,DC=julie,DC=lcl
Commercial;OU=Poste Client,OU=Ordinateurs,OU=Nantes,OU=Agence,OU=Mon Entreprise,DC=julie,DC=lcl
Services;OU=Nantes,OU=Agence,OU=Mon Entreprise,DC=julie,DC=lcl
Production;OU=Services,OU=Nantes,OU=Agence,OU=Mon Entreprise,DC=julie,DC=lcl
Groupes;OU=Production,OU=Services,OU=Nantes,OU=Agence,OU=Mon Entreprise,DC=julie,DC=lcl
Utilisateurs;OU=Production,OU=Services,OU=Nantes,OU=Agence,OU=Mon Entreprise,DC=julie,DC=lcl
Secrétaires;OU=Production,OU=Services,OU=Nantes,OU=Agence,OU=Mon Entreprise,DC=julie,DC=lcl
Groupes;OU=Secrétaires,OU=Production,OU=Services,OU=Nantes,OU=Agence,OU=Mon Entreprise,DC=julie,DC=lcl
Utilisateurs;OU=Secrétaires,OU=Production,OU=Services,OU=Nantes,OU=Agence,OU=Mon Entreprise,DC=julie,DC=lcl
Intérimaire;OU=Production,OU=Services,OU=Nantes,OU=Agence,OU=Mon Entreprise,DC=julie,DC=lcl
Groupes;OU=Intérimaire,OU=Production,OU=Services,OU=Nantes,OU=Agence,OU=Mon Entreprise,DC=julie,DC=lcl
Utilisateurs;OU=Intérimaire,OU=Production,OU=Services,OU=Nantes,OU=Agence,OU=Mon Entreprise,DC=julie,DC=lcl
Informatique;OU=Services,OU=Nantes,OU=Agence,OU=Mon Entreprise,DC=julie,DC=lcl
Groupes;OU=Informatique,OU=Services,OU=Nantes,OU=Agence,OU=Mon Entreprise,DC=julie,DC=lcl
Utilisateurs;OU=Informatique,OU=Services,OU=Nantes,OU=Agence,OU=Mon Entreprise,DC=julie,DC=lcl
Secrétaires;OU=Informatique,OU=Services,OU=Nantes,OU=Agence,OU=Mon Entreprise,DC=julie,DC=lcl
Groupes;OU=Secrétaires,OU=Informatique,OU=Services,OU=Nantes,OU=Agence,OU=Mon Entreprise,DC=julie,DC=lcl
Utilisateurs;OU=Secrétaires,OU=Informatique,OU=Services,OU=Nantes,OU=Agence,OU=Mon Entreprise,DC=julie,DC=lcl
Intérimaire;OU=Informatique,OU=Services,OU=Nantes,OU=Agence,OU=Mon Entreprise,DC=julie,DC=lcl
Groupes;OU=Intérimaire,OU=Informatique,OU=Services,OU=Nantes,OU=Agence,OU=Mon Entreprise,DC=julie,DC=lcl
Utilisateurs;OU=Intérimaire,OU=Informatique,OU=Services,OU=Nantes,OU=Agence,OU=Mon Entreprise,DC=julie,DC=lcl
Commercial;OU=Services,OU=Nantes,OU=Agence,OU=Mon Entreprise,DC=julie,DC=lcl
Groupes;OU=Commercial,OU=Services,OU=Nantes,OU=Agence,OU=Mon Entreprise,DC=julie,DC=lcl
Utilisateurs;OU=Commercial,OU=Services,OU=Nantes,OU=Agence,OU=Mon Entreprise,DC=julie,DC=lcl
Secrétaires;OU=Commercial,OU=Services,OU=Nantes,OU=Agence,OU=Mon Entreprise,DC=julie,DC=lcl
Groupes;OU=Secrétaires,OU=Commercial,OU=Services,OU=Nantes,OU=Agence,OU=Mon Entreprise,DC=julie,DC=lcl
Utilisateurs;OU=Secrétaires,OU=Commercial,OU=Services,OU=Nantes,OU=Agence,OU=Mon Entreprise,DC=julie,DC=lcl
Intérimaire;OU=Commercial,OU=Services,OU=Nantes,OU=Agence,OU=Mon Entreprise,DC=julie,DC=lcl
Groupes;OU=Intérimaire,OU=Commercial,OU=Services,OU=Nantes,OU=Agence,OU=Mon Entreprise,DC=julie,DC=lcl
Utilisateurs;OU=Intérimaire,OU=Commercial,OU=Services,OU=Nantes,OU=Agence,OU=Mon Entreprise,DC=julie,DC=lcl
Vertou;OU=Agence,OU=Mon Entreprise,DC=julie,DC=lcl
Ordinateurs;OU=Vertou,OU=Agence,OU=Mon Entreprise,DC=julie,DC=lcl
Serveur Membre;OU=Ordinateurs,OU=Vertou,OU=Agence,OU=Mon Entreprise,DC=julie,DC=lcl
Poste Client;OU=Ordinateurs,OU=Vertou,OU=Agence,OU=Mon Entreprise,DC=julie,DC=lcl
Production;OU=Poste Client,OU=Ordinateurs,OU=Vertou,OU=Agence,OU=Mon Entreprise,DC=julie,DC=lcl
Informatique;OU=Poste Client,OU=Ordinateurs,OU=Vertou,OU=Agence,OU=Mon Entreprise,DC=julie,DC=lcl
Commercial;OU=Poste Client,OU=Ordinateurs,OU=Vertou,OU=Agence,OU=Mon Entreprise,DC=julie,DC=lcl
Services;OU=Vertou,OU=Agence,OU=Mon Entreprise,DC=julie,DC=lcl
Production;OU=Services,OU=Vertou,OU=Agence,OU=Mon Entreprise,DC=julie,DC=lcl
Groupes;OU=Production,OU=Services,OU=Vertou,OU=Agence,OU=Mon Entreprise,DC=julie,DC=lcl
Utilisateurs;OU=Production,OU=Services,OU=Vertou,OU=Agence,OU=Mon Entreprise,DC=julie,DC=lcl
Secrétaires;OU=Production,OU=Services,OU=Vertou,OU=Agence,OU=Mon Entreprise,DC=julie,DC=lcl
Groupes;OU=Secrétaires,OU=Production,OU=Services,OU=Vertou,OU=Agence,OU=Mon Entreprise,DC=julie,DC=lcl
Utilisateurs;OU=Secrétaires,OU=Production,OU=Services,OU=Vertou,OU=Agence,OU=Mon Entreprise,DC=julie,DC=lcl
Intérimaire;OU=Production,OU=Services,OU=Vertou,OU=Agence,OU=Mon Entreprise,DC=julie,DC=lcl
Groupes;OU=Intérimaire,OU=Production,OU=Services,OU=Vertou,OU=Agence,OU=Mon Entreprise,DC=julie,DC=lcl
Utilisateurs;OU=Intérimaire,OU=Production,OU=Services,OU=Vertou,OU=Agence,OU=Mon Entreprise,DC=julie,DC=lcl
Informatique;OU=Services,OU=Vertou,OU=Agence,OU=Mon Entreprise,DC=julie,DC=lcl
Groupes;OU=Informatique,OU=Services,OU=Vertou,OU=Agence,OU=Mon Entreprise,DC=julie,DC=lcl
Utilisateurs;OU=Informatique,OU=Services,OU=Vertou,OU=Agence,OU=Mon Entreprise,DC=julie,DC=lcl
Secrétaires;OU=Informatique,OU=Services,OU=Vertou,OU=Agence,OU=Mon Entreprise,DC=julie,DC=lcl
Groupes;OU=Secrétaires,OU=Informatique,OU=Services,OU=Vertou,OU=Agence,OU=Mon Entreprise,DC=julie,DC=lcl
Utilisateurs;OU=Secrétaires,OU=Informatique,OU=Services,OU=Vertou,OU=Agence,OU=Mon Entreprise,DC=julie,DC=lcl
Intérimaire;OU=Informatique,OU=Services,OU=Vertou,OU=Agence,OU=Mon Entreprise,DC=julie,DC=lcl
Groupes;OU=Intérimaire,OU=Informatique,OU=Services,OU=Vertou,OU=Agence,OU=Mon Entreprise,DC=julie,DC=lcl
Utilisateurs;OU=Intérimaire,OU=Informatique,OU=Services,OU=Vertou,OU=Agence,OU=Mon Entreprise,DC=julie,DC=lcl
Commercial;OU=Services,OU=Vertou,OU=Agence,OU=Mon Entreprise,DC=julie,DC=lcl
Groupes;OU=Commercial,OU=Services,OU=Vertou,OU=Agence,OU=Mon Entreprise,DC=julie,DC=lcl
Utilisateurs;OU=Commercial,OU=Services,OU=Vertou,OU=Agence,OU=Mon Entreprise,DC=julie,DC=lcl
Secrétaires;OU=Commercial,OU=Services,OU=Vertou,OU=Agence,OU=Mon Entreprise,DC=julie,DC=lcl
Groupes;OU=Secrétaires,OU=Commercial,OU=Services,OU=Vertou,OU=Agence,OU=Mon Entreprise,DC=julie,DC=lcl
Utilisateurs;OU=Secrétaires,OU=Commercial,OU=Services,OU=Vertou,OU=Agence,OU=Mon Entreprise,DC=julie,DC=lcl
Intérimaire;OU=Commercial,OU=Services,OU=Vertou,OU=Agence,OU=Mon Entreprise,DC=julie,DC=lcl
Groupes;OU=Intérimaire,OU=Commercial,OU=Services,OU=Vertou,OU=Agence,OU=Mon Entreprise,DC=julie,DC=lcl
Utilisateurs;OU=Intérimaire,OU=Commercial,OU=Services,OU=Vertou,OU=Agence,OU=Mon Entreprise,DC=julie,DC=lcl
Rennes;OU=Agence,OU=Mon Entreprise,DC=julie,DC=lcl
Ordinateurs;OU=Rennes,OU=Agence,OU=Mon Entreprise,DC=julie,DC=lcl
Serveur Membre;OU=Ordinateurs,OU=Rennes,OU=Agence,OU=Mon Entreprise,DC=julie,DC=lcl
Poste Client;OU=Ordinateurs,OU=Rennes,OU=Agence,OU=Mon Entreprise,DC=julie,DC=lcl
Production;OU=Poste Client,OU=Ordinateurs,OU=Rennes,OU=Agence,OU=Mon Entreprise,DC=julie,DC=lcl
Informatique;OU=Poste Client,OU=Ordinateurs,OU=Rennes,OU=Agence,OU=Mon Entreprise,DC=julie,DC=lcl
Commercial;OU=Poste Client,OU=Ordinateurs,OU=Rennes,OU=Agence,OU=Mon Entreprise,DC=julie,DC=lcl
Services;OU=Rennes,OU=Agence,OU=Mon Entreprise,DC=julie,DC=lcl
Production;OU=Services,OU=Rennes,OU=Agence,OU=Mon Entreprise,DC=julie,DC=lcl
Groupes;OU=Production,OU=Services,OU=Rennes,OU=Agence,OU=Mon Entreprise,DC=julie,DC=lcl
Utilisateurs;OU=Production,OU=Services,OU=Rennes,OU=Agence,OU=Mon Entreprise,DC=julie,DC=lcl
Secrétaires;OU=Production,OU=Services,OU=Rennes,OU=Agence,OU=Mon Entreprise,DC=julie,DC=lcl
Groupes;OU=Secrétaires,OU=Production,OU=Services,OU=Rennes,OU=Agence,OU=Mon Entreprise,DC=julie,DC=lcl
Utilisateurs;OU=Secrétaires,OU=Production,OU=Services,OU=Rennes,OU=Agence,OU=Mon Entreprise,DC=julie,DC=lcl
Intérimaire;OU=Production,OU=Services,OU=Rennes,OU=Agence,OU=Mon Entreprise,DC=julie,DC=lcl
Groupes;OU=Intérimaire,OU=Production,OU=Services,OU=Rennes,OU=Agence,OU=Mon Entreprise,DC=julie,DC=lcl
Utilisateurs;OU=Intérimaire,OU=Production,OU=Services,OU=Rennes,OU=Agence,OU=Mon Entreprise,DC=julie,DC=lcl
Informatique;OU=Services,OU=Rennes,OU=Agence,OU=Mon Entreprise,DC=julie,DC=lcl
Groupes;OU=Informatique,OU=Services,OU=Rennes,OU=Agence,OU=Mon Entreprise,DC=julie,DC=lcl
Utilisateurs;OU=Informatique,OU=Services,OU=Rennes,OU=Agence,OU=Mon Entreprise,DC=julie,DC=lcl
Secrétaires;OU=Informatique,OU=Services,OU=Rennes,OU=Agence,OU=Mon Entreprise,DC=julie,DC=lcl
Groupes;OU=Secrétaires,OU=Informatique,OU=Services,OU=Rennes,OU=Agence,OU=Mon Entreprise,DC=julie,DC=lcl
Utilisateurs;OU=Secrétaires,OU=Informatique,OU=Services,OU=Rennes,OU=Agence,OU=Mon Entreprise,DC=julie,DC=lcl
Intérimaire;OU=Informatique,OU=Services,OU=Rennes,OU=Agence,OU=Mon Entreprise,DC=julie,DC=lcl
Groupes;OU=Intérimaire,OU=Informatique,OU=Services,OU=Rennes,OU=Agence,OU=Mon Entreprise,DC=julie,DC=lcl
Utilisateurs;OU=Intérimaire,OU=Informatique,OU=Services,OU=Rennes,OU=Agence,OU=Mon Entreprise,DC=julie,DC=lcl
Commercial;OU=Services,OU=Rennes,OU=Agence,OU=Mon Entreprise,DC=julie,DC=lcl
Groupes;OU=Commercial,OU=Services,OU=Rennes,OU=Agence,OU=Mon Entreprise,DC=julie,DC=lcl
Utilisateurs;OU=Commercial,OU=Services,OU=Rennes,OU=Agence,OU=Mon Entreprise,DC=julie,DC=lcl
Secrétaires;OU=Commercial,OU=Services,OU=Rennes,OU=Agence,OU=Mon Entreprise,DC=julie,DC=lcl
Groupes;OU=Secrétaires,OU=Commercial,OU=Services,OU=Rennes,OU=Agence,OU=Mon Entreprise,DC=julie,DC=lcl
Utilisateurs;OU=Secrétaires,OU=Commercial,OU=Services,OU=Rennes,OU=Agence,OU=Mon Entreprise,DC=julie,DC=lcl
Intérimaire;OU=Commercial,OU=Services,OU=Rennes,OU=Agence,OU=Mon Entreprise,DC=julie,DC=lcl
Groupes;OU=Intérimaire,OU=Commercial,OU=Services,OU=Rennes,OU=Agence,OU=Mon Entreprise,DC=julie,DC=lcl
Utilisateurs;OU=Intérimaire,OU=Commercial,OU=Services,OU=Rennes,OU=Agence,OU=Mon Entreprise,DC=julie,DC=lcl
